"date","state","death","deathConfirmed","deathIncrease","deathProbable","hospitalized","hospitalizedCumulative","hospitalizedCurrently","hospitalizedIncrease","inIcuCumulative","inIcuCurrently","negative","negativeIncrease","negativeTestsAntibody","negativeTestsPeopleAntibody","negativeTestsViral","onVentilatorCumulative","onVentilatorCurrently","positive","positiveCasesViral","positiveIncrease","positiveScore","positiveTestsAntibody","positiveTestsAntigen","positiveTestsPeopleAntibody","positiveTestsPeopleAntigen","positiveTestsViral","recovered","totalTestEncountersViral","totalTestEncountersViralIncrease","totalTestResults","totalTestResultsIncrease","totalTestsAntibody","totalTestsAntigen","totalTestsPeopleAntibody","totalTestsPeopleAntigen","totalTestsPeopleViral","totalTestsPeopleViralIncrease","totalTestsViral","totalTestsViralIncrease"
"2021-02-17","SD",1844,,0,,6466,6466,94,5,,11,304204,286,,,,,4,110685,98499,92,0,,,,,,106769,,0,414889,378,,,,,414889,378,937860,2696
"2021-02-16","SD",1844,,0,,6461,6461,97,15,,10,303918,510,,,,,16,110593,98407,217,0,,,,,,106545,,0,414511,727,,,,,414511,727,935164,2735
"2021-02-15","SD",1844,,0,,6446,6446,86,8,,12,303408,275,,,,,16,110376,98253,61,0,,,,,,106440,,0,413784,336,,,,,413784,336,932429,926
"2021-02-14","SD",1844,,6,,6438,6438,87,7,,12,303133,490,,,,,16,110315,98208,110,0,,,,,,106398,,0,413448,600,,,,,413448,600,931503,1844
"2021-02-13","SD",1838,,7,,6431,6431,82,6,,12,302643,535,,,,,13,110205,98106,137,0,,,,,,106248,,0,412848,672,,,,,412848,672,929659,4118
"2021-02-12","SD",1831,,2,,6425,6425,84,14,,13,302108,662,,,,,11,110068,98010,209,0,,,,,,106057,,0,412176,871,,,,,412176,871,925541,3173
"2021-02-11","SD",1829,,14,,6411,6411,104,14,,17,301446,1385,,,,,6,109859,97852,279,0,,,,,,105821,,0,411305,1664,,,,,411305,1664,922368,19138
"2021-02-10","SD",1815,,6,,6397,6397,109,10,,20,300061,1089,,,,,12,109580,97672,175,0,,,,,,105614,,0,409641,1264,,,,,409641,1264,903230,6214
"2021-02-09","SD",1809,,0,,6387,6387,109,10,,18,298972,459,,,,,13,109405,97556,122,0,,,,,,105352,,0,408377,581,,,,,408377,581,897016,2776
"2021-02-08","SD",1809,,0,,6377,6377,112,7,,19,298513,279,,,,,12,109283,97449,54,0,,,,,,105166,,0,407796,333,,,,,407796,333,894240,888
"2021-02-07","SD",1809,,5,,6370,6370,113,11,,25,298234,412,,,,,15,109229,97406,97,0,,,,,,105104,,0,407463,509,,,,,407463,509,893352,1670
"2021-02-06","SD",1804,,6,,6359,6359,115,13,,25,297822,648,,,,,15,109132,97342,188,0,,,,,,104956,,0,406954,836,,,,,406954,836,891682,2664
"2021-02-05","SD",1798,,10,,6346,6346,121,12,,27,297174,583,,,,,17,108944,97221,131,0,,,,,,104716,,0,406118,714,,,,,406118,714,889018,2939
"2021-02-04","SD",1788,,6,,6334,6334,126,13,,23,296591,863,,,,,17,108813,97115,174,0,,,,,,104508,,0,405404,1037,,,,,405404,1037,886079,3137
"2021-02-03","SD",1782,,3,,6321,6321,133,17,,25,295728,752,,,,,13,108639,96989,208,0,,,,,,104305,,0,404367,960,,,,,404367,960,882942,3333
"2021-02-02","SD",1779,,1,,6304,6304,131,10,,21,294976,408,,,,,17,108431,96847,116,0,,,,,,104052,,0,403407,524,,,,,403407,524,879609,2593
"2021-02-01","SD",1778,,0,,6294,6294,126,4,,27,294568,205,,,,,20,108315,96735,65,0,,,,,,103709,,0,402883,270,,,,,402883,270,877016,873
"2021-01-31","SD",1778,,3,,6290,6290,125,4,,25,294363,816,,,,,19,108250,96683,180,0,,,,,,103639,,0,402613,996,,,,,402613,996,876143,2367
"2021-01-30","SD",1775,,7,,6286,6286,145,14,,35,293547,678,,,,,27,108070,96549,115,0,,,,,,103401,,0,401617,793,,,,,401617,793,873776,2318
"2021-01-29","SD",1768,,5,,6272,6272,152,8,,41,292869,594,,,,,28,107955,96460,160,0,,,,,,103127,,0,400824,754,,,,,400824,754,871458,3542
"2021-01-28","SD",1763,,24,,6264,6264,161,22,,38,292275,673,,,,,28,107795,96327,187,0,,,,,,102895,,0,400070,860,,,,,400070,860,867916,3068
"2021-01-27","SD",1739,,34,,6242,6242,161,26,,36,291602,792,,,,,25,107608,96190,228,0,,,,,,102631,,0,399210,1020,,,,,399210,1020,864848,3714
"2021-01-26","SD",1705,,0,,6216,6216,152,15,,40,290810,469,,,,,24,107380,96021,200,0,,,,,,102247,,0,398190,669,,,,,398190,669,861134,2837
"2021-01-25","SD",1705,,0,,6201,6201,161,8,,37,290341,250,,,,,26,107180,95865,32,0,,,,,,101797,,0,397521,282,,,,,397521,282,858297,832
"2021-01-24","SD",1705,,9,,6193,6193,162,16,,36,290091,634,,,,,27,107148,95841,185,0,,,,,,101438,,0,397239,819,,,,,397239,819,857465,1516
"2021-01-23","SD",1696,,12,,6177,6177,172,18,,42,289457,696,,,,,27,106963,95683,247,0,,,,,,101246,,0,396420,943,,,,,396420,943,855949,3478
"2021-01-22","SD",1684,,11,,6159,6159,177,26,,37,288761,646,,,,,25,106716,95473,316,0,,,,,,100942,,0,395477,962,,,,,395477,962,852471,3930
"2021-01-21","SD",1673,,6,,6133,6133,185,24,,38,288115,835,,,,,26,106400,95221,337,0,,,,,,100638,,0,394515,1172,,,,,394515,1172,848541,6430
"2021-01-20","SD",1667,,0,,6109,6109,195,17,,41,287280,741,,,,,28,106063,94967,277,0,,,,,,100293,,0,393343,1018,,,,,393343,1018,842111,3989
"2021-01-19","SD",1667,,0,,6092,6092,200,10,,35,286539,334,,,,,27,105786,94764,127,0,,,,,,99887,,0,392325,461,,,,,392325,461,838122,1905
"2021-01-18","SD",1667,,11,,6082,6082,203,19,,37,286205,327,,,,,30,105659,94652,115,0,,,,,,99379,,0,391864,442,,,,,391864,442,836217,1730
"2021-01-17","SD",1656,,23,,6063,6063,213,24,,45,285878,636,,,,,39,105544,94557,266,0,,,,,,99226,,0,391422,902,,,,,391422,902,834487,3139
"2021-01-16","SD",1633,,4,,6039,6039,209,16,,44,285242,671,,,,,33,105278,94366,341,0,,,,,,98808,,0,390520,1012,,,,,390520,1012,831348,4496
"2021-01-15","SD",1629,,15,,6023,6023,227,25,,53,284571,911,,,,,40,104937,94113,425,0,,,,,,98576,,0,389508,1336,,,,,389508,1336,826852,5272
"2021-01-14","SD",1614,,10,,5998,5998,247,20,,56,283660,556,,,,,31,104512,93814,317,0,,,,,,98170,,0,388172,873,,,,,388172,873,821580,5252
"2021-01-13","SD",1604,,19,,5978,5978,253,35,,62,283104,1465,,,,,33,104195,93580,452,0,,,,,,97829,,0,387299,1917,,,,,387299,1917,816328,5481
"2021-01-12","SD",1585,,0,,5943,5943,240,26,,57,281639,426,,,,,32,103743,93276,244,0,,,,,,97407,,0,385382,670,,,,,385382,670,810847,3498
"2021-01-11","SD",1585,,0,,5917,5917,242,13,,49,281213,370,,,,,30,103499,93098,181,0,,,,,,96812,,0,384712,551,,,,,384712,551,807349,2090
"2021-01-10","SD",1585,,15,,5904,5904,237,33,,54,280843,651,,,,,31,103318,92967,417,0,,,,,,96693,,0,384161,1068,,,,,384161,1068,805259,3568
"2021-01-09","SD",1570,,14,,5871,5871,234,20,,55,280192,980,,,,,30,102901,92726,321,0,,,,,,96291,,0,383093,1301,,,,,383093,1301,801691,4446
"2021-01-08","SD",1556,,12,,5851,5851,247,22,,59,279212,1110,,,,,37,102580,92489,448,0,,,,,,95783,,0,381792,1558,,,,,381792,1558,797245,9656
"2021-01-07","SD",1544,,25,,5829,5829,264,24,,56,278102,745,,,,,36,102132,92166,448,0,,,,,,94513,,0,380234,1193,,,,,380234,1193,787589,3981
"2021-01-06","SD",1519,,6,,5805,5805,264,41,,56,277357,1071,,,,,33,101684,91875,608,0,,,,,,93778,,0,379041,1679,,,,,379041,1679,783608,4602
"2021-01-05","SD",1513,,0,,5764,5764,270,22,,56,276286,573,,,,,35,101076,91455,433,0,,,,,,93529,,0,377362,1006,,,,,377362,1006,779006,3380
"2021-01-04","SD",1513,,0,,5742,5742,268,10,,55,275713,290,,,,,37,100643,91113,111,0,,,,,,93099,,0,376356,401,,,,,376356,401,775626,1758
"2021-01-03","SD",1513,,12,,5732,5732,262,30,,54,275423,1306,,,,,33,100532,91027,703,0,,,,,,93031,,0,375955,2009,,,,,375955,2009,773868,6311
"2021-01-02","SD",1501,,13,,5702,5702,282,30,,59,274117,641,,,,,40,99829,90544,665,0,,,,,,92595,,0,373946,1306,,,,,373946,1306,767557,6354
"2021-01-01","SD",1488,,0,,5672,5672,297,0,,62,273476,0,,,,,46,99164,90050,0,0,,,,,,91980,,0,372640,0,,,,,372640,0,761203,0
"2020-12-31","SD",1488,,24,,5672,5672,297,33,,62,273476,737,,,,,46,99164,90050,444,0,,,,,,91980,,0,372640,1181,,,,,372640,1181,761203,5518
"2020-12-30","SD",1464,,18,,5639,5639,293,34,,57,272739,738,,,,,43,98720,89725,562,0,,,,,,91527,,0,371459,1300,,,,,371459,1300,755685,4341
"2020-12-29","SD",1446,,0,,5605,5605,303,22,,62,272001,389,,,,,44,98158,89314,501,0,,,,,,90974,,0,370159,890,,,,,370159,890,751344,3734
"2020-12-28","SD",1446,,0,,5583,5583,288,22,,60,271612,217,,,,,35,97657,88894,267,0,,,,,,89688,,0,369269,484,,,,,369269,484,747610,1162
"2020-12-27","SD",1446,,0,,5561,5561,274,28,,62,271395,577,,,,,29,97390,88648,427,0,,,,,,89249,,0,368785,1004,,,,,368785,1004,746448,3188
"2020-12-26","SD",1446,,16,,5533,5533,289,30,,65,270818,854,,,,,41,96963,88297,417,0,,,,,,88428,,0,367781,1271,,,,,367781,1271,743260,5504
"2020-12-25","SD",1430,,0,,5503,5503,312,0,,68,269964,0,,,,,36,96546,88003,0,0,,,,,,88018,,0,366510,0,,,,,366510,0,737756,0
"2020-12-24","SD",1430,,41,,5503,5503,312,11,,68,269964,878,,,,,36,96546,88003,506,0,,,,,,88018,,0,366510,1384,,,,,366510,1384,737756,5517
"2020-12-23","SD",1389,,8,,5492,5492,337,31,,70,269086,997,,,,,39,96040,87630,531,0,,,,,,87337,,0,365126,1528,,,,,365126,1528,732239,6608
"2020-12-22","SD",1381,,0,,5461,5461,341,32,,69,268089,843,,,,,38,95509,87252,435,0,,,,,,86501,,0,363598,1278,,,,,363598,1278,725631,6140
"2020-12-21","SD",1381,,20,,5429,5429,344,18,,70,267246,688,,,,,31,95074,86934,347,0,,,,,,85320,,0,362320,1035,,,,,362320,1035,719491,3206
"2020-12-20","SD",1361,,11,,5411,5411,345,26,,66,266558,712,,,,,36,94727,86631,391,0,,,,,,85096,,0,361285,1103,,,,,361285,1103,716285,3107
"2020-12-19","SD",1350,,21,,5385,5385,365,37,,72,265846,1052,,,,,42,94336,86319,564,0,,,,,,84490,,0,360182,1616,,,,,360182,1616,713178,5480
"2020-12-18","SD",1329,,28,,5348,5348,387,31,,73,264794,1075,,,,,41,93772,85910,575,0,,,,,,83670,,0,358566,1650,,,,,358566,1650,707698,5108
"2020-12-17","SD",1301,,1,,5317,5317,406,52,,77,263719,708,,,,,41,93197,85474,594,0,,,,,,83140,,0,356916,1302,,,,,356916,1302,702590,5900
"2020-12-16","SD",1300,,39,,5265,5265,412,23,,81,263011,1428,,,,,25,92603,84967,904,0,,,,,,80316,,0,355614,2332,,,,,355614,2332,696690,7761
"2020-12-15","SD",1261,,2,,5242,5242,435,42,,77,261583,390,,,,,41,91699,84290,345,0,,,,,,78919,,0,353282,735,,,,,353282,735,688929,2163
"2020-12-14","SD",1259,,0,,5200,5200,441,26,,83,261193,375,,,,,50,91354,83986,316,0,,,,,,77472,,0,352547,691,,,,,352547,691,686766,3196
"2020-12-13","SD",1259,,16,,5174,5174,436,49,,82,260818,1010,,,,,53,91038,83714,631,0,,,,,,77032,,0,351856,1641,,,,,351856,1641,683570,4113
"2020-12-12","SD",1243,,33,,5125,5125,452,39,,89,259808,1111,,,,,58,90407,83225,735,0,,,,,,76247,,0,350215,1846,,,,,350215,1846,679457,6176
"2020-12-11","SD",1210,,33,,5086,5086,467,61,,91,258697,1224,,,,,55,89672,82606,945,0,,,,,,72840,,0,348369,2169,,,,,348369,2169,673281,7244
"2020-12-10","SD",1177,,30,,5025,5025,491,51,,92,257473,1024,,,,,55,88727,81835,704,0,,,,,,71316,,0,346200,1728,,,,,346200,1728,666037,6418
"2020-12-09","SD",1147,,36,,4974,4974,501,53,,102,256449,1064,,,,,56,88023,81280,985,0,,,,,,70728,,0,344472,2049,,,,,344472,2049,659619,6342
"2020-12-08","SD",1111,,1,,4921,4921,491,49,,94,255385,690,,,,,63,87038,80499,538,0,,,,,,69144,,0,342423,1228,,,,,342423,1228,653277,5705
"2020-12-07","SD",1110,,0,,4872,4872,503,37,,98,254695,691,,,,,62,86500,79994,509,0,,,,,,68576,,0,341195,1200,,,,,341195,1200,647572,2945
"2020-12-06","SD",1110,,19,,4835,4835,497,42,,111,254004,939,,,,,66,85991,79535,687,0,,,,,,68449,,0,339995,1626,,,,,339995,1626,644627,4830
"2020-12-05","SD",1091,,27,,4793,4793,512,45,,110,253065,951,,,,,61,85304,78912,906,0,,,,,,68011,,0,338369,1857,,,,,338369,1857,639797,6141
"2020-12-04","SD",1064,,31,,4748,4748,516,52,,111,252114,765,,,,,64,84398,78153,1050,0,,,,,,67409,,0,336512,1815,,,,,336512,1815,633656,6625
"2020-12-03","SD",1033,,38,,4696,4696,538,70,,109,251349,1012,,,,,63,83348,77261,1145,0,,,,,,66841,,0,334697,2157,,,,,334697,2157,627031,6148
"2020-12-02","SD",995,,47,,4626,4626,531,54,,107,250337,716,,,,,63,82203,76438,1291,0,,,,,,66351,,0,332540,2007,,,,,332540,2007,620883,5349
"2020-12-01","SD",948,,2,,4572,4572,547,70,,106,249621,1233,,,,,59,80912,75391,448,0,,,,,,65876,,0,330533,1681,,,,,330533,1681,615534,5634
"2020-11-30","SD",946,,3,,4502,4502,546,34,,100,248388,544,,,,,57,80464,74973,564,0,,,,,,62334,,0,328852,1108,,,,,328852,1108,609900,2893
"2020-11-29","SD",943,,1,,4468,4468,544,68,,91,247844,1567,,,,,51,79900,74518,801,0,,,,,,62027,,0,327744,2368,,,,,327744,2368,607007,5486
"2020-11-28","SD",942,,54,,4400,4400,539,47,,95,246277,1073,,,,,55,79099,73817,819,0,,,,,,61051,,0,325376,1892,,,,,325376,1892,601521,5612
"2020-11-27","SD",888,,39,,4353,4353,569,110,,104,245204,2992,,,,,63,78280,73096,2138,0,,,,,,61010,,0,323484,5130,,,,,323484,5130,595909,12965
"2020-11-26","SD",849,,0,,4243,4243,570,0,,101,242212,0,,,,,49,76142,71170,0,0,,,,,,59981,,0,318354,0,,,,,318354,0,582944,0
"2020-11-25","SD",849,,28,,4243,4243,570,50,,101,242212,1277,,,,,49,76142,71170,1283,0,,,,,,59981,,0,318354,2560,,,,,318354,2560,582944,7709
"2020-11-24","SD",821,,2,,4193,4193,574,86,,104,240935,1486,,,,,50,74859,70172,1011,0,,,,,,57381,,0,315794,2497,,,,,315794,2497,575235,6534
"2020-11-23","SD",819,,0,,4107,4107,582,13,,101,239449,1296,,,,,47,73848,69217,783,0,,,,,,55679,,0,313297,2079,,,,,313297,2079,568701,4344
"2020-11-22","SD",819,,42,,4094,4094,577,42,,97,238153,1197,,,,,49,73065,68448,851,0,,,,,,55349,,0,311218,2048,,,,,311218,2048,564357,6367
"2020-11-21","SD",777,,36,,4052,4052,580,59,,94,236956,1157,,,,,49,72214,67715,1144,0,,,,,,54570,,0,309170,2301,,,,,309170,2301,557990,5840
"2020-11-20","SD",741,,36,,3993,3993,574,71,,107,235799,2272,,,,,56,71070,66704,1328,0,,,,,,51922,,0,306869,3600,,,,,306869,3600,552150,8373
"2020-11-19","SD",705,,31,,3922,3922,578,58,,95,233527,1225,,,,,51,69742,65499,1071,0,,,,,,51153,,0,303269,2296,,,,,303269,2296,543777,6292
"2020-11-18","SD",674,,30,,3864,3864,593,95,,97,232302,1227,,,,,51,68671,64582,1387,0,,,,,,48757,,0,300973,2614,,,,,300973,2614,537485,6717
"2020-11-17","SD",644,,0,,3769,3769,582,71,,95,231075,1206,,,,,47,67284,63491,1006,0,,,,,,48016,,0,298359,2212,,,,,298359,2212,530768,8325
"2020-11-16","SD",644,,0,,3698,3698,560,54,,97,229869,1136,,,,,48,66278,62521,897,0,,,,,,47495,,0,296147,2033,,,,,296147,2033,522443,4285
"2020-11-15","SD",644,,23,,3644,3644,553,46,,100,228733,1092,,,,,49,65381,61700,1199,0,,,,,,45377,,0,294114,2291,,,,,294114,2291,518158,5323
"2020-11-14","SD",621,,53,,3598,3598,549,58,,92,227641,1307,,,,,45,64182,60600,1855,0,,,,,,44814,,0,291823,3162,,,,,291823,3162,512835,7111
"2020-11-13","SD",568,,1,,3540,3540,556,85,,102,226334,962,,,,,48,62327,58920,1611,0,,,,,,43132,,0,288661,2573,,,,,288661,2573,505724,6584
"2020-11-12","SD",567,,0,,3455,3455,551,66,,97,225372,948,,,,,49,60716,57438,2020,0,,,,,,41427,,0,286088,2968,,,,,286088,2968,499140,6869
"2020-11-11","SD",567,,27,,3389,3389,543,112,,92,224424,1059,,,,,50,58696,55705,1362,0,,,,,,40668,,0,283120,2421,,,,,283120,2421,492271,6331
"2020-11-10","SD",540,,3,,3277,3277,607,50,,,223365,873,,,,,,57334,54503,1023,0,,,,,,40199,,0,280699,1896,,,,,280699,1896,485940,6243
"2020-11-09","SD",537,,1,,3227,3227,566,43,,,222492,861,,,,,,56311,53486,907,0,,,,,,39508,,0,278803,1768,,,,,278803,1768,479697,4387
"2020-11-08","SD",536,,13,,3184,3184,546,76,,,221631,924,,,,,,55404,52603,1428,0,,,,,,39118,,0,277035,2352,,,,,277035,2352,475310,4906
"2020-11-07","SD",523,,13,,3108,3108,515,85,,,220707,1156,,,,,,53976,51343,1337,0,,,,,,38403,,0,274683,2493,,,,,274683,2493,470404,5051
"2020-11-06","SD",510,,28,,3023,3023,493,68,,,219551,1566,,,,,,52639,50248,1488,0,,,,,,37703,,0,272190,3054,,,,,272190,3054,465353,9013
"2020-11-05","SD",482,,22,,2955,2955,475,82,,,217985,980,,,,,,51151,48833,1360,0,,,,,,37059,,0,269136,2340,,,,,269136,2340,456340,5909
"2020-11-04","SD",460,,14,,2873,2873,483,49,,,217005,649,,,,,,49791,47653,937,0,,,,,,35423,,0,266796,1586,,,,,266796,1586,450431,6185
"2020-11-03","SD",446,,8,,2824,2824,480,69,,,216356,1069,,,,,,48854,46858,1004,0,,,,,,35041,,0,265210,2083,,,,,265210,2083,444246,3303
"2020-11-02","SD",438,,1,,2755,2755,402,34,,,215287,446,,,,,,47850,45932,526,0,,,,,,34087,,0,263127,962,,,,,263127,962,440943,2632
"2020-11-01","SD",437,,12,,2721,2721,421,38,,,214841,1301,,,,,,47324,45437,1332,0,,,,,,33749,,0,262165,2633,,,,,262165,2633,438311,5596
"2020-10-31","SD",425,,10,,2683,2683,415,23,,,213540,1443,,,,,,45992,44216,1433,0,,,,,,31194,,0,259532,2876,,,,,259532,2876,432715,6496
"2020-10-30","SD",415,,12,,2660,2660,403,58,,,212097,1583,,,,,,44559,42896,1559,0,,,,,,30624,,0,256656,3142,,,,,256656,3142,426219,6606
"2020-10-29","SD",403,,19,,2602,2602,413,57,,,210514,1218,,,,,,43000,41507,1000,0,,,,,,30135,,0,253514,2218,,,,,253514,2218,419613,3924
"2020-10-28","SD",384,,9,,2545,2545,412,62,,,209296,861,,,,,,42000,40589,1270,0,,,,,,29683,,0,251296,2131,,,,,251296,2131,415689,6243
"2020-10-27","SD",375,,0,,2483,2483,395,30,,,208435,1082,,,,,,40730,39494,989,0,,,,,,29167,,0,249165,2071,,,,,249165,2071,409446,4012
"2020-10-26","SD",375,,0,,2453,2453,377,17,,,207353,626,,,,,,39741,38504,538,0,,,,,,28305,,0,247094,1164,,,,,247094,1164,405434,3521
"2020-10-25","SD",375,,9,,2436,2436,366,58,,,206727,1188,,,,,,39203,37979,1062,0,,,,,,28083,,0,245930,2250,,,,,245930,2250,401913,4639
"2020-10-24","SD",366,,10,,2378,2378,356,42,,,205539,1739,,,,,,38141,36962,939,0,,,,,,27557,,0,243680,2678,,,,,243680,2678,397274,5365
"2020-10-23","SD",356,,9,,2336,2336,349,59,,,203800,1371,,,,,,37202,36109,1185,0,,,,,,26984,,0,241002,2556,,,,,241002,2556,391909,6762
"2020-10-22","SD",347,,14,,2277,2277,355,38,,,202429,1223,,,,,,36017,34977,973,0,,,,,,26397,,0,238446,2196,,,,,238446,2196,385147,4486
"2020-10-21","SD",333,,3,,2239,2239,332,46,,,201206,937,,,,,,35044,34031,587,0,,,,,,26023,,0,236250,1524,,,,,236250,1524,380661,4666
"2020-10-20","SD",330,,7,,2193,2193,329,47,,,200269,1655,,,,,,34457,33466,621,0,,,,,,25686,,0,234726,2276,,,,,234726,2276,375995,8455
"2020-10-19","SD",323,,0,,2146,2146,304,27,,,198614,836,,,,,,33836,32904,567,0,,,,,,25125,,0,232450,1403,,,,,232450,1403,367540,3131
"2020-10-18","SD",323,,8,,2119,2119,300,42,,,197778,1185,,,,,,33269,32339,658,0,,,,,,24934,,0,231047,1843,,,,,231047,1843,364409,4422
"2020-10-17","SD",315,,8,,2077,2077,295,33,,,196593,1408,,,,,,32611,31711,806,0,,,,,,24528,,0,229204,2214,,,,,229204,2214,359987,5883
"2020-10-16","SD",307,,3,,2044,2044,299,44,,,195185,1958,,,,,,31805,30940,793,0,,,,,,24186,,0,226990,2751,,,,,226990,2751,354104,6888
"2020-10-15","SD",304,,13,,2000,2000,304,37,,,193227,1121,,,,,,31012,30220,797,0,,,,,,23576,,0,224239,1918,,,,,224239,1918,347216,4254
"2020-10-14","SD",291,,3,,1963,1963,303,52,,,192106,1043,,,,,,30215,29520,876,0,,,,,,23320,,0,222321,1919,,,,,222321,1919,342962,4245
"2020-10-13","SD",288,,0,,1911,1911,303,25,,,191063,744,,,,,,29339,28707,414,0,,,,,,23007,,0,220402,1158,,,,,220402,1158,338717,3187
"2020-10-12","SD",288,,2,,1886,1886,278,20,,,190319,772,,,,,,28925,28289,361,0,,,,,,22575,,0,219244,1133,,,,,219244,1133,335530,3552
"2020-10-11","SD",286,,0,,1866,1866,266,37,,,189547,1009,,,,,,28564,27943,617,0,,,,,,22413,,0,218111,1626,,,,,218111,1626,331978,3672
"2020-10-10","SD",286,,9,,1829,1829,267,47,,,188538,1600,,,,,,27947,27401,732,0,,,,,,22128,,0,216485,2332,,,,,216485,2332,328306,6180
"2020-10-09","SD",277,,5,,1782,1782,267,65,,,186938,2088,,,,,,27215,26711,804,0,,,,,,21750,,0,214153,2862,,,,,214153,2862,322126,5864
"2020-10-08","SD",272,,14,,1717,1717,284,20,,,184850,1976,,,,,,26411,25961,505,0,,,,,,21496,,0,211291,2511,,,,,211291,2511,316262,6421
"2020-10-07","SD",258,,10,,1697,1697,273,27,,,182874,6273,,,,,,25906,25433,1030,0,,,,,,21137,,0,208780,7303,,,,,208780,7303,309841,15234
"2020-10-06","SD",248,,0,,1670,1670,250,28,,,176601,756,,,,,,24876,,278,0,,,,,,20449,,0,201477,1034,,,,,201477,1034,294607,2838
"2020-10-05","SD",248,,0,,1642,1642,241,10,,,175845,488,,,,,,24598,,180,0,,,,,,20076,,0,200443,668,,,,,200443,668,291769,1806
"2020-10-04","SD",248,,0,,1632,1632,232,17,,,175357,1324,,,,,,24418,,432,0,,,,,,19902,,0,199775,1756,,,,,199775,1756,289963,3829
"2020-10-03","SD",248,,11,,1615,1615,215,27,,,174033,1294,,,,,,23986,,464,0,,,,,,19626,,0,198019,1758,,,,,198019,1758,286134,3621
"2020-10-02","SD",237,,1,,1588,1588,220,10,,,172739,872,,,,,,23522,,386,0,,,,,,19298,,0,196261,1258,,,,,196261,1258,282513,2904
"2020-10-01","SD",236,,13,,1578,1578,214,29,,,171867,3487,,,,,,23136,,747,0,,,,,,19068,,0,195003,4234,,,,,195003,4234,279609,9923
"2020-09-30","SD",223,,0,,1549,1549,212,38,,,168380,1231,,,,,,22389,,392,0,,,,,,18508,,0,190769,1623,,,,,190769,1623,269686,3247
"2020-09-29","SD",223,,5,,1511,1511,211,23,,,167149,543,,,,,,21997,,259,0,,,,,,18090,,0,189146,802,,,,,189146,802,266439,2060
"2020-09-28","SD",218,,0,,1488,1488,209,15,,,166606,643,,,,,,21738,,197,0,,,,,,17692,,0,188344,840,,,,,188344,840,264379,1455
"2020-09-27","SD",218,,0,,1473,1473,216,39,,,165963,962,,,,,,21541,,408,0,,,,,,17533,,0,187504,1370,,,,,187504,1370,262924,2705
"2020-09-26","SD",218,,2,,1434,1434,213,34,,,165001,1608,,,,,,21133,,579,0,,,,,,17173,,0,186134,2187,,,,,186134,2187,260219,3955
"2020-09-25","SD",216,,6,,1400,1400,194,25,,,163393,1829,,,,,,20554,,457,0,,,,,,16831,,0,183947,2286,,,,,183947,2286,256264,3705
"2020-09-24","SD",210,,8,,1375,1375,194,8,,,161564,1066,,,,,,20097,,463,0,,,,,,16596,,0,181661,1529,,,,,181661,1529,252559,2166
"2020-09-23","SD",202,,0,,1367,1367,192,44,,,160498,1341,,,,,,19634,,445,0,,,,,,16324,,0,180132,1786,,,,,180132,1786,250393,2688
"2020-09-22","SD",202,,0,,1323,1323,178,26,,,159157,1003,,,,,,19189,,320,0,,,,,,16170,,0,178346,1323,,,,,178346,1323,247705,2318
"2020-09-21","SD",202,,0,,1297,1297,161,9,,,158154,497,,,,,,18869,,173,0,,,,,,15777,,0,177023,670,,,,,177023,670,245387,1109
"2020-09-20","SD",202,,2,,1288,1288,170,20,,,157657,880,,,,,,18696,,252,0,,,,,,15651,,0,176353,1132,,,,,176353,1132,244278,3004
"2020-09-19","SD",200,,2,,1268,1268,153,22,,,156777,1148,,,,,,18444,,369,0,,,,,,15298,,0,175221,1517,,,,,175221,1517,241274,2808
"2020-09-18","SD",198,,5,,1246,1246,144,15,,,155629,1792,,,,,,18075,,389,0,,,,,,15068,,0,173704,2181,,,,,173704,2181,238466,3688
"2020-09-17","SD",193,,1,,1231,1231,138,20,,,153837,1473,,,,,,17686,,395,0,,,,,,14878,,0,171523,1868,,,,,171523,1868,234778,2917
"2020-09-16","SD",192,,8,,1211,1211,139,16,,,152364,3262,,,,,,17291,,297,0,,,,,,14657,,0,169655,3559,,,,,169655,3559,231861,5690
"2020-09-15","SD",184,,0,,1195,1195,133,24,,,149102,764,,,,,,16994,,193,0,,,,,,14424,,0,166096,957,,,,,166096,957,226171,2454
"2020-09-14","SD",184,,0,,1171,1171,110,6,,,148338,1020,,,,,,16801,,163,0,,,,,,14118,,0,165139,1183,,,,,165139,1183,223717,1846
"2020-09-13","SD",184,,1,,1165,1165,110,13,,,147318,1146,,,,,,16638,,201,0,,,,,,13993,,0,163956,1347,,,,,163956,1347,221871,2644
"2020-09-12","SD",183,,6,,1152,1152,109,14,,,146172,1326,,,,,,16437,,320,0,,,,,,13739,,0,162609,1646,,,,,162609,1646,219227,2805
"2020-09-11","SD",177,,0,,1138,1138,98,18,,,144846,1430,,,,,,16117,,283,0,,,,,,13425,,0,160963,1713,,,,,160963,1713,216422,2762
"2020-09-10","SD",177,,4,,1120,1120,83,11,,,143416,1098,,,,,,15834,,263,0,,,,,,13201,,0,159250,1361,,,,,159250,1361,213660,2256
"2020-09-09","SD",173,,0,,1109,1109,76,15,,,142318,1035,,,,,,15571,,168,0,,,,,,12964,,0,157889,1203,,,,,157889,1203,211404,1895
"2020-09-08","SD",173,,0,,1094,1094,68,10,,,141283,490,,,,,,15403,,103,0,,,,,,12551,,0,156686,593,,,,,156686,593,209509,686
"2020-09-07","SD",173,,0,,1084,1084,78,5,,,140793,801,,,,,,15300,,191,0,,,,,,12235,,0,156093,992,,,,,156093,992,208823,973
"2020-09-06","SD",173,,0,,1079,1079,81,11,,,139992,974,,,,,,15109,,220,0,,,,,,11918,,0,155101,1194,,,,,155101,1194,207850,3388
"2020-09-05","SD",173,,3,,1068,1068,86,6,,,139018,1321,,,,,,14889,,293,0,,,,,,11659,,0,153907,1614,,,,,153907,1614,204462,2979
"2020-09-04","SD",170,,1,,1062,1062,89,10,,,137697,1497,,,,,,14596,,259,0,,,,,,11394,,0,152293,1756,,,,,152293,1756,201483,2734
"2020-09-03","SD",169,,0,,1052,1052,76,9,,,136200,1278,,,,,,14337,,334,0,,,,,,11155,,0,150537,1612,,,,,150537,1612,198749,2449
"2020-09-02","SD",169,,2,,1043,1043,77,7,,,134922,1076,,,,,,14003,,254,0,,,,,,10959,,0,148925,1330,,,,,148925,1330,196300,2191
"2020-09-01","SD",167,,0,,1036,1036,78,7,,,133846,826,,,,,,13749,,240,0,,,,,,10832,,0,147595,1066,,,,,147595,1066,194109,1677
"2020-08-31","SD",167,,0,,1029,1029,76,12,,,133020,691,,,,,,13509,,187,0,,,,,,10612,,0,146529,878,,,,,146529,878,192432,1482
"2020-08-30","SD",167,,0,,1017,1017,78,11,,,132329,765,,,,,,13322,,380,0,,,,,,10511,,0,145651,1145,,,,,145651,1145,190950,1591
"2020-08-29","SD",167,,2,,1006,1006,79,11,,,131564,1141,,,,,,12942,,425,0,,,,,,10347,,0,144506,1566,,,,,144506,1566,189359,2917
"2020-08-28","SD",165,,3,,995,995,80,12,,,130423,1334,,,,,,12517,,323,0,,,,,,10170,,0,142940,1657,,,,,142940,1657,186442,2524
"2020-08-27","SD",162,,0,,983,983,75,2,,,129089,2895,,,,,,12194,,343,0,,,,,,10032,,0,141283,3238,,,,,141283,3238,183918,2651
"2020-08-26","SD",162,,1,,981,981,58,7,,,126194,20,,,,,,11851,,292,0,,,,,,9896,,0,138045,312,,,,,138045,312,181267,2228
"2020-08-25","SD",161,,0,,974,974,53,9,,,126174,136,,,,,,11559,,134,0,,,,,,9814,,0,137733,270,,,,,137733,270,179039,505
"2020-08-24","SD",161,,0,,965,965,65,6,,,126038,554,,,,,,11425,,149,0,,,,,,9694,,0,137463,703,,,,,137463,703,178534,1691
"2020-08-23","SD",161,,1,,959,959,62,8,,,125484,989,,,,,,11276,,141,0,,,,,,9564,,0,136760,1130,,,,,136760,1130,176843,1717
"2020-08-22","SD",160,,1,,951,951,66,3,,,124495,1604,,,,,,11135,,251,0,,,,,,9435,,0,135630,1855,,,,,135630,1855,175126,2667
"2020-08-21","SD",159,,2,,948,948,50,8,,,122891,1474,,,,,,10884,,193,0,,,,,,9349,,0,133775,1667,,,,,133775,1667,172459,2692
"2020-08-20","SD",157,,2,,940,940,53,5,,,121417,936,,,,,,10691,,125,0,,,,,,9265,,0,132108,1061,,,,,132108,1061,169767,1687
"2020-08-19","SD",155,,1,,935,935,55,8,,,120481,911,,,,,,10566,,123,0,,,,,,9189,,0,131047,1034,,,,,131047,1034,168080,1776
"2020-08-18","SD",154,,1,,927,927,68,6,,,119570,637,,,,,,10443,,83,0,,,,,,9126,,0,130013,720,,,,,130013,720,166304,1239
"2020-08-17","SD",153,,0,,921,921,60,5,,,118933,433,,,,,,10360,,86,0,,,,,,9013,,0,129293,519,,,,,129293,519,165065,962
"2020-08-16","SD",153,,1,,916,916,66,3,,,118500,1169,,,,,,10274,,156,0,,,,,,8939,,0,128774,1325,,,,,128774,1325,164103,1788
"2020-08-15","SD",152,,2,,913,913,63,10,,,117331,1341,,,,,,10118,,94,0,,,,,,8884,,0,127449,1435,,,,,127449,1435,162315,2111
"2020-08-14","SD",150,,2,,903,903,65,7,,,115990,1117,,,,,,10024,,127,0,,,,,,8773,,0,126014,1244,,,,,126014,1244,160204,1808
"2020-08-13","SD",148,,1,,896,896,56,4,,,114873,1060,,,,,,9897,,82,0,,,,,,8691,,0,124770,1142,,,,,124770,1142,158396,1637
"2020-08-12","SD",147,,1,,892,892,59,5,,,113813,1117,,,,,,9815,,102,0,,,,,,8606,,0,123628,1219,,,,,123628,1219,156759,1982
"2020-08-11","SD",146,,0,,887,887,57,5,,,112696,882,,,,,,9713,,50,0,,,,,,8507,,0,122409,932,,,,,122409,932,154777,1270
"2020-08-10","SD",146,,0,,882,882,63,6,,,111814,522,,,,,,9663,,58,0,,,,,,8371,,0,121477,580,,,,,121477,580,153507,1091
"2020-08-09","SD",146,,0,,876,876,55,5,,,111292,782,,,,,,9605,,128,0,,,,,,8334,,0,120897,910,,,,,120897,910,152416,1331
"2020-08-08","SD",146,,2,,871,871,48,5,,,110510,1154,,,,,,9477,,106,0,,,,,,8307,,0,119987,1260,,,,,119987,1260,151085,1741
"2020-08-07","SD",144,,3,,866,866,47,5,,,109356,1055,,,,,,9371,,98,0,,,,,,8244,,0,118727,1153,,,,,118727,1153,149344,2008
"2020-08-06","SD",141,,4,,861,861,44,5,,,108301,1095,,,,,,9273,,105,0,,,,,,8145,,0,117574,1200,,,,,117574,1200,147336,1781
"2020-08-05","SD",137,,1,,856,856,43,10,,,107206,904,,,,,,9168,,89,0,,,,,,8080,,0,116374,993,,,,,116374,993,145555,1575
"2020-08-04","SD",136,,1,,846,846,42,8,,,106302,674,,,,,,9079,,59,0,,,,,,8008,,0,115381,733,,,,,115381,733,143980,1058
"2020-08-03","SD",135,,0,,838,838,39,3,,,105628,630,,,,,,9020,,65,0,,,,,,7939,,0,114648,695,,,,,114648,695,142922,142922
"2020-08-02","SD",135,,1,,835,835,35,3,,,104998,933,,,,,,8955,,88,0,,,,,,7909,,0,113953,1021,,,,,113953,1021,,0
"2020-08-01","SD",134,,4,,832,832,36,8,,,104065,1194,,,,,,8867,,103,0,,,,,,7820,,0,112932,1297,,,,,112932,1297,,0
"2020-07-31","SD",130,,1,,824,824,31,9,,,102871,1211,,,,,,8764,,79,0,,,,,,7761,,0,111635,1290,,,,,111635,1290,,0
"2020-07-30","SD",129,,0,,815,815,44,5,,,101660,587,,,,,,8685,,44,0,,,,,,7690,,0,110345,631,,,,,110345,631,,0
"2020-07-29","SD",129,,6,,810,810,46,2,,,101073,2074,,,,,,8641,,149,0,,,,,,7609,,0,109714,2223,,,,,109714,2223,,0
"2020-07-28","SD",123,,0,,808,808,49,2,,,98999,616,,,,,,8492,,48,0,,,,,,7474,,0,107491,664,,,,,107491,664,,0
"2020-07-27","SD",123,,0,,806,806,47,5,,,98383,-148,,,,,,8444,,49,0,,,,,,7404,,0,106827,-99,,,,,106827,-99,,0
"2020-07-26","SD",123,,1,,801,801,48,3,,,98531,923,,,,,,8395,,90,0,,,,,,7364,,0,106926,1013,,,,,106926,1013,,0
"2020-07-25","SD",122,,0,,798,798,46,2,,,97608,2318,,,,,,8305,,105,0,,,,,,7307,,0,105913,2423,,,,,105913,2423,,0
"2020-07-24","SD",122,,1,,796,796,45,4,,,95290,897,,,,,,8200,,57,0,,,,,,7261,,0,103490,954,,,,,103490,954,,0
"2020-07-23","SD",121,,2,,792,792,50,2,,,94393,1412,,,,,,8143,,66,0,,,,,,7214,,0,102536,1478,,,,,102536,1478,,0
"2020-07-22","SD",119,,1,,790,790,56,14,,,92981,1155,,,,,,8077,,58,0,,,,,,7159,,0,101058,1213,,,,,101058,1213,,0
"2020-07-21","SD",118,,0,,776,776,62,2,,,91826,1115,,,,,,8019,,76,0,,,,,,7081,,0,99845,1191,,,,,99845,1191,,0
"2020-07-20","SD",118,,0,,774,774,65,0,,,90711,530,,,,,,7943,,37,0,,,,,,6996,,0,98654,567,,,,,98654,567,,0
"2020-07-19","SD",118,,2,,774,774,63,3,,,90181,796,,,,,,7906,,44,0,,,,,,6952,,0,98087,840,,,,,98087,840,,0
"2020-07-18","SD",116,,0,,771,771,70,8,,,89385,1201,,,,,,7862,,73,0,,,,,,6891,,0,97247,1274,,,,,97247,1274,,0
"2020-07-17","SD",116,,1,,763,763,61,6,,,88184,1842,,,,,,7789,,95,0,,,,,,6808,,0,95973,1937,,,,,95973,1937,,0
"2020-07-16","SD",115,,4,,757,757,61,5,,,86342,451,,,,,,7694,,42,0,,,,,,6737,,0,94036,493,,,,,94036,493,,0
"2020-07-15","SD",111,,2,,752,752,59,8,,,85891,1299,,,,,,7652,,80,0,,,,,,6663,,0,93543,1379,,,,,93543,1379,,0
"2020-07-14","SD",109,,0,,744,744,62,2,,,84592,738,,,,,,7572,,48,0,,,,,,6599,,0,92164,786,,,,,92164,786,,0
"2020-07-13","SD",109,,0,,742,742,63,4,,,83854,745,,,,,,7524,,25,0,,,,,,6543,,0,91378,770,,,,,91378,770,,0
"2020-07-12","SD",109,,0,,738,738,53,0,,,83109,957,,,,,,7499,,45,0,,,,,,6522,,0,90608,1002,,,,,90608,1002,,0
"2020-07-11","SD",109,,2,,738,738,65,12,,,82152,1011,,,,,,7454,,53,0,,,,,,6470,,0,89606,1064,,,,,89606,1064,,0
"2020-07-10","SD",107,,6,,726,726,65,8,,,81141,1167,,,,,,7401,,65,0,,,,,,6408,,0,88542,1232,,,,,88542,1232,,0
"2020-07-09","SD",101,,3,,718,718,61,9,,,79974,990,,,,,,7336,,94,0,,,,,,6331,,0,87310,1084,,,,,87310,1084,,0
"2020-07-08","SD",98,,0,,709,709,54,10,,,78984,782,,,,,,7242,,79,0,,,,,,6280,,0,86226,861,,,,,86226,861,,0
"2020-07-07","SD",98,,1,,699,699,64,7,,,78202,1004,,,,,,7163,,58,0,,,,,,6190,,0,85365,1062,,,,,85365,1062,,0
"2020-07-06","SD",97,,0,,692,692,59,1,,,77198,258,,,,,,7105,,42,0,,,,,,6063,,0,84303,300,,,,,84303,300,,0
"2020-07-05","SD",97,,0,,691,691,59,2,,,76940,138,,,,,,7063,,35,0,,,,,,6063,,0,84003,173,,,,,84003,173,,0
"2020-07-04","SD",97,,0,,689,689,54,2,,,76802,787,,,,,,7028,,50,0,,,,,,6062,,0,83830,837,,,,,83830,837,,0
"2020-07-03","SD",97,,0,,687,687,58,4,,,76015,967,,,,,,6978,,85,0,,,,,,6049,,0,82993,1052,,,,,82993,1052,,0
"2020-07-02","SD",97,,4,,683,683,64,9,,,75048,931,,,,,,6893,,67,0,,,,,,5982,,0,81941,998,,,,,81941,998,,0
"2020-07-01","SD",93,,2,,674,674,65,8,,,74117,793,,,,,,6826,,62,0,,,,,,5933,,0,80943,855,,,,,80943,855,,0
"2020-06-30","SD",91,,0,,666,666,62,9,,,73324,583,,,,,,6764,,48,0,,,,,,5872,,0,80088,631,,,,,80088,631,,0
"2020-06-29","SD",91,,0,,657,657,70,5,,,72741,529,,,,,,6716,,35,0,,,,,,5818,,0,79457,564,,,,,79457,564,,0
"2020-06-28","SD",91,,0,,652,652,75,7,,,72212,738,,,,,,6681,,55,0,,,,,,5752,,0,78893,793,,,,,78893,793,,0
"2020-06-27","SD",91,,3,,645,645,73,6,,,71474,994,,,,,,6626,,91,0,,,,,,5717,,0,78100,1085,,,,,78100,1085,,0
"2020-06-26","SD",88,,1,,639,639,79,7,,,70480,1105,,,,,,6535,,56,0,,,,,,5652,,0,77015,1161,,,,,77015,1161,,0
"2020-06-25","SD",87,,3,,632,632,79,3,,,69375,717,,,,,,6479,,60,0,,,,,,5592,,0,75854,777,,,,,75854,777,,0
"2020-06-24","SD",84,,1,,629,629,81,5,,,68658,1025,,,,,,6419,,66,0,,,,,,5554,,0,75077,1091,,,,,75077,1091,,0
"2020-06-23","SD",83,,2,,624,624,85,8,,,67633,630,,,,,,6353,,27,0,,,,,,5497,,0,73986,657,,,,,73986,657,,0
"2020-06-22","SD",81,,0,,616,616,88,8,,,67003,274,,,,,,6326,,29,0,,,,,,5437,,0,73329,303,,,,,73329,303,,0
"2020-06-21","SD",81,,0,,608,608,89,10,,,66729,1039,,,,,,6297,,72,0,,,,,,5389,,0,73026,1111,,,,,73026,1111,,0
"2020-06-20","SD",81,,0,,598,598,91,9,,,65690,655,,,,,,6225,,67,0,,,,,,5335,,0,71915,722,,,,,71915,722,,0
"2020-06-19","SD",81,,3,,589,589,95,4,,,65035,791,,,,,,6158,,49,0,,,,,,5276,,0,71193,840,,,,,71193,840,,0
"2020-06-18","SD",78,,0,,585,585,93,15,,,64244,1306,,,,,,6109,,59,0,,,,,,5221,,0,70353,1365,,,,,70353,1365,,0
"2020-06-17","SD",78,,1,,570,570,91,8,,,62938,1702,,,,,,6050,,84,0,,,,,,5143,,0,68988,1786,,,,,68988,1786,,0
"2020-06-16","SD",77,,2,,562,562,92,18,,,61236,769,,,,,,5966,,38,0,,,,,,5069,,0,67202,807,,,,,67202,807,,0
"2020-06-15","SD",75,,0,,544,544,93,5,,,60467,1046,,,,,,5928,,30,0,,,,,,4961,,0,66395,1076,,,,,66395,1076,,0
"2020-06-14","SD",75,,0,,539,539,87,8,,,59421,741,,,,,,5898,,65,0,,,,,,4899,,0,65319,806,,,,,65319,806,,0
"2020-06-13","SD",75,,1,,531,531,85,6,,,58680,1417,,,,,,5833,,91,0,,,,,,4828,,0,64513,1508,,,,,64513,1508,,0
"2020-06-12","SD",74,,1,,525,525,87,11,,,57263,1184,,,,,,5742,,77,0,,,,,,4755,,0,63005,1261,,,,,63005,1261,,0
"2020-06-11","SD",73,,4,,514,514,87,11,,,56079,998,,,,,,5665,,61,0,,,,,,4664,,0,61744,1059,,,,,61744,1059,,0
"2020-06-10","SD",69,,1,,503,503,101,16,,,55081,1445,,,,,,5604,,81,0,,,,,,4573,,0,60685,1526,,,,,60685,1526,,0
"2020-06-09","SD",68,,3,,487,487,90,5,,,53636,1288,,,,,,5523,,52,0,,,,,,4483,,0,59159,1340,,,,,59159,1340,,0
"2020-06-08","SD",65,,0,,482,482,92,4,,,52348,726,,,,,,5471,,33,0,,,,,,4403,,0,57819,759,,,,,57819,759,,0
"2020-06-07","SD",65,,0,,478,478,87,4,,,51622,1531,,,,,,5438,,71,0,,,,,,4335,,0,57060,1602,,,,,57060,1602,,0
"2020-06-06","SD",65,,0,,474,474,93,7,,,50091,2005,,,,,,5367,,90,0,,,,,,4273,,0,55458,2095,,,,,55458,2095,,0
"2020-06-05","SD",65,,1,,467,467,83,3,,,48086,711,,,,,,5277,,30,0,,,,,,4179,,0,53363,741,,,,,53363,741,,0
"2020-06-04","SD",64,,2,,464,464,86,8,,,47375,3875,,,,,,5247,,85,0,,,,,,4163,,0,52622,3960,,,,,52622,3960,,0
"2020-06-03","SD",62,,0,,456,456,87,13,,,43500,1721,,,,,,5162,,95,0,,,,,,4084,,0,48662,1816,,,,,48662,1816,,0
"2020-06-02","SD",62,,0,,443,443,89,8,,,41779,1152,,,,,,5067,,33,0,,,,,,3990,,0,46846,1185,,,,,46846,1185,,0
"2020-06-01","SD",62,,0,,435,435,87,3,,,40627,1492,,,,,,5034,,41,0,,,,,,3903,,0,45661,1533,,,,,45661,1533,,0
"2020-05-31","SD",62,,0,,432,432,86,5,,,39135,1157,,,,,,4993,,33,0,,,,,,3837,,0,44128,1190,,,,,44128,1190,,0
"2020-05-30","SD",62,,3,,427,427,93,9,,,37978,2162,,,,,,4960,,94,0,,,,,,3805,,0,42938,2256,,,,,42938,2256,,0
"2020-05-29","SD",59,,5,,418,418,95,12,,,35816,1583,,,,,,4866,,73,0,,,,,,3744,,0,40682,1656,,,,,40682,1656,,0
"2020-05-28","SD",54,,0,,406,406,105,15,,,34233,937,,,,,,4793,,83,0,,,,,,3698,,0,39026,1020,,,,,39026,1020,,0
"2020-05-27","SD",54,,4,,391,391,101,13,,,33296,911,,,,,,4710,,57,0,,,,,,3619,,0,38006,968,,,,,38006,968,,0
"2020-05-26","SD",50,,0,,378,378,106,8,,,32385,1688,,,,,,4653,,67,0,,,,,,3528,,0,37038,1755,,,,,37038,1755,,0
"2020-05-25","SD",50,,0,,370,370,99,6,,,30697,355,,,,,,4586,,23,0,,,,,,3415,,0,35283,378,,,,,35283,378,,0
"2020-05-24","SD",50,,0,,364,364,85,6,,,30342,1282,,,,,,4563,,95,0,,,,,,3371,,0,34905,1377,,,,,34905,1377,,0
"2020-05-23","SD",50,,0,,358,358,90,7,,,29060,1072,,,,,,4468,,112,0,,,,,,3336,,0,33528,1184,,,,,33528,1184,,0
"2020-05-22","SD",50,,2,,351,351,83,9,,,27988,937,,,,,,4356,,106,0,,,,,,3267,,0,32344,1043,,,,,32344,1043,,0
"2020-05-21","SD",48,,2,,342,342,91,9,,,27051,839,,,,,,4250,,73,0,,,,,,3145,,0,31301,912,,,,,31301,912,,0
"2020-05-20","SD",46,,0,,333,333,81,6,,,26212,588,,,,,,4177,,92,0,,,,,,3023,,0,30389,680,,,,,30389,680,,0
"2020-05-19","SD",46,,2,,327,327,75,11,,,25624,606,,,,,,4085,,58,0,,,,,,2914,,0,29709,664,,,,,29709,664,,0
"2020-05-18","SD",44,,0,,316,316,77,4,,,25018,446,,,,,,4027,,40,0,,,,,,2784,,0,29045,486,,,,,29045,486,,0
"2020-05-17","SD",44,,0,,312,312,77,8,,,24572,355,,,,,,3987,,28,0,,,,,,2724,,0,28559,383,,,,,28559,383,,0
"2020-05-16","SD",44,,0,,304,304,75,8,,,24217,690,,,,,,3959,,72,0,,,,,,2673,,0,28176,762,,,,,28176,762,,0
"2020-05-15","SD",44,,1,,296,296,80,6,,,23527,846,,,,,,3887,,95,0,,,,,,2574,,0,27414,941,,,,,27414,941,,0
"2020-05-14","SD",43,,4,,290,290,85,9,,,22681,569,,,,,,3792,,60,0,,,,,,2437,,0,26473,629,,,,,26473,629,,0
"2020-05-13","SD",39,,0,,281,281,79,10,,,22112,578,,,,,,3732,,69,0,,,,,,2367,,0,25844,647,,,,,25844,647,,0
"2020-05-12","SD",39,,5,,271,271,74,8,,,21534,570,,,,,,3663,,49,0,,,,,,2309,,0,25197,619,,,,,25197,619,,0
"2020-05-11","SD",34,,0,,263,263,78,2,,,20964,587,,,,,,3614,,97,0,,,,,,2187,,0,24578,684,,,,,24578,684,,0
"2020-05-10","SD",34,,0,,261,261,77,8,,,20377,818,,,,,,3517,,124,0,,,,,,2147,,0,23894,942,,,,,23894,942,,0
"2020-05-09","SD",34,,3,,253,253,79,6,,,19559,1410,,,,,,3393,,249,0,,,,,,2125,,0,22952,1659,,,,,22952,1659,,0
"2020-05-08","SD",31,,0,,247,247,76,11,,,18149,940,,,,,,3144,,239,0,,,,,,2069,,0,21293,1179,,,,,21293,1179,,0
"2020-05-07","SD",31,,2,,236,236,70,6,,,17209,572,,,,,,2905,,126,0,,,,,,2028,,0,20114,698,,,,,20114,698,,0
"2020-05-06","SD",29,,5,,230,230,72,10,,,16637,336,,,,,,2779,,58,0,,,,,,1977,,0,19416,394,,,,,19416,394,,0
"2020-05-05","SD",24,,3,,220,220,75,9,,,16301,256,,,,,,2721,,53,0,,,,,,1895,,0,19022,309,,,,,19022,309,,0
"2020-05-04","SD",21,,0,,211,211,69,14,,,16045,259,,,,,,2668,,37,0,,,,,,1830,,0,18713,296,,,,,18713,296,,0
"2020-05-03","SD",21,,0,,197,197,71,10,,,15786,283,,,,,,2631,,43,0,,,,,,1799,,0,18417,326,,,,,18417,326,,0
"2020-05-02","SD",21,,0,,187,187,71,8,,,15503,665,,,,,,2588,,63,0,,,,,,1759,,0,18091,728,,,,,18091,728,,0
"2020-05-01","SD",21,,4,,179,179,69,6,,,14838,259,,,,,,2525,,76,0,,,,,,1686,,0,17363,335,,,,,17363,335,,0
"2020-04-30","SD",17,,4,,173,173,76,8,,,14579,119,,,,,,2449,,76,0,,,,,,1573,,0,17028,195,,,,,17028,195,,0
"2020-04-29","SD",13,,2,,165,165,69,8,,,14460,161,,,,,,2373,,60,0,,,,,,1492,,0,16833,221,,,,,16833,221,,0
"2020-04-28","SD",11,,0,,157,157,69,7,,,14299,169,,,,,,2313,,68,0,,,,,,1392,,0,16612,237,,,,,16612,237,,0
"2020-04-27","SD",11,,0,,150,150,61,15,,,14130,68,,,,,,2245,,33,0,,,,,,1316,,0,16375,101,,,,,16375,101,,0
"2020-04-26","SD",11,,1,,135,135,64,7,,,14062,613,,,,,,2212,,65,0,,,,,,1257,,0,16274,678,,,,,16274,678,,0
"2020-04-25","SD",10,,0,,128,128,61,4,,,13449,665,,,,,,2147,,107,0,,,,,,1223,,0,15596,772,,,,,15596,772,,0
"2020-04-24","SD",10,,1,,124,124,61,5,,,12784,675,,,,,,2040,,84,0,,,,,,1190,,0,14824,759,,,,,14824,759,,0
"2020-04-23","SD",9,,1,,119,119,58,8,,,12109,521,,,,,,1956,,98,0,,,,,,1064,,0,14065,619,,,,,14065,619,,0
"2020-04-22","SD",8,,0,,111,111,62,11,,,11588,528,,,,,,1858,,103,0,,,,,,937,,0,13446,631,,,,,13446,631,,0
"2020-04-21","SD",8,,1,,100,100,65,13,,,11060,419,,,,,,1755,,70,0,,,,,,824,,0,12815,489,,,,,12815,489,,0
"2020-04-20","SD",7,,0,,87,87,,13,,,10641,214,,,,,,1685,,50,0,,,,,,709,,0,12326,264,,,,,12326,264,,0
"2020-04-19","SD",7,,0,,74,74,,6,,,10427,309,,,,,,1635,,93,0,,,,,,646,,0,12062,402,,,,,12062,402,,0
"2020-04-18","SD",7,,0,,68,68,,5,,,10118,467,,,,,,1542,,131,0,,,,,,552,,0,11660,598,,,,,11660,598,,0
"2020-04-17","SD",7,,0,,63,63,,8,,,9651,412,,,,,,1411,,100,0,,,,,,457,,0,11062,512,,,,,11062,512,,0
"2020-04-16","SD",7,,1,,55,55,,4,,,9239,548,,,,,,1311,,143,0,,,,,,373,,0,10550,691,,,,,10550,691,,0
"2020-04-15","SD",6,,0,,51,51,,6,,,8691,383,,,,,,1168,,180,0,,,,,,329,,0,9859,563,,,,,9859,563,,0
"2020-04-14","SD",6,,0,,45,45,,1,,,8308,174,,,,,,988,,120,0,,,,,,261,,0,9296,294,,,,,9296,294,,0
"2020-04-13","SD",6,,0,,44,44,,1,,,8134,311,,,,,,868,,138,0,,,,,,207,,0,9002,449,,,,,9002,449,,0
"2020-04-12","SD",6,,0,,43,43,,10,,,7823,445,,,,,,730,,104,0,,,,,,197,,0,8553,549,,,,,8553,549,,0
"2020-04-11","SD",6,,0,,33,33,,4,,,7378,267,,,,,,626,,90,0,,,,,,189,,0,8004,357,,,,,8004,357,,0
"2020-04-10","SD",6,,0,,29,29,,2,,,7111,411,,,,,,536,,89,0,,,,,,177,,0,7647,500,,,,,7647,500,,0
"2020-04-09","SD",6,,0,,27,27,,1,,,6700,345,,,,,,447,,54,0,,,,,,161,,0,7147,399,,,,,7147,399,,0
"2020-04-08","SD",6,,0,,26,26,,3,,,6355,407,,,,,,393,,73,0,,,,,,146,,0,6748,480,,,,,6748,480,,0
"2020-04-07","SD",6,,2,,23,23,,0,,,5948,216,,,,,,320,,32,0,,,,,,98,,0,6268,248,,,,,6268,248,,0
"2020-04-06","SD",4,,2,,23,23,,1,,,5732,379,,,,,,288,,48,0,,,,,,91,,0,6020,427,,,,,6020,427,,0
"2020-04-05","SD",2,,0,,22,22,,3,,,5353,341,,,,,,240,,28,0,,,,,,84,,0,5593,369,,,,,5593,369,,0
"2020-04-04","SD",2,,0,,19,19,,2,,,5012,419,,,,,,212,,25,0,,,,,,76,,0,5224,444,,,,,5224,444,,0
"2020-04-03","SD",2,,0,,17,17,,0,,,4593,376,,,,,,187,,22,0,,,,,,69,,0,4780,398,,,,,4780,398,,0
"2020-04-02","SD",2,,0,,17,17,,5,,,4217,314,,,,,,165,,36,0,,,,,,57,,0,4382,350,,,,,4382,350,,0
"2020-04-01","SD",2,,1,,12,12,,0,,,3903,294,,,,,,129,,21,0,,,,,,51,,0,4032,315,,,,,4032,315,,0
"2020-03-31","SD",1,,0,,12,12,,12,,,3609,131,,,,,,108,,7,0,,,,,,44,,0,3717,138,,,,,3717,138,,0
"2020-03-30","SD",1,,0,,,,,0,,,3478,351,,,,,,101,,11,0,,,,,,34,,0,3579,362,,,,,3579,362,,0
"2020-03-29","SD",1,,0,,,,,0,,,3127,535,,,,,,90,,22,0,,,,,,29,,0,3217,557,,,,,3217,557,,0
"2020-03-28","SD",1,,0,,,,,0,,,2592,205,,,,,,68,,10,0,,,,,,26,,0,2660,215,,,,,2660,215,,0
"2020-03-27","SD",1,,0,,,,,0,,,2387,414,,,,,,58,,12,0,,,,,,21,,0,2445,426,,,,,2445,426,,0
"2020-03-26","SD",1,,0,,,,,0,,,1973,1154,,,,,,46,,5,0,,,,,,16,,0,2019,1159,,,,,2019,1159,,0
"2020-03-25","SD",1,,0,,,,,0,,,819,29,,,,,,41,,11,0,,,,,,,,0,860,40,,,,,860,40,,0
"2020-03-24","SD",1,,0,,,,,0,,,790,28,,,,,,30,,2,0,,,,,,,,0,820,30,,,,,820,30,,0
"2020-03-23","SD",1,,0,,,,,0,,,762,22,,,,,,28,,7,0,,,,,,,,0,790,29,,,,,790,29,,0
"2020-03-22","SD",1,,0,,,,,0,,,740,49,,,,,,21,,7,0,,,,,,,,0,761,56,,,,,761,56,,0
"2020-03-21","SD",1,,0,,,,,0,,,691,28,,,,,,14,,0,0,,,,,,,,0,705,28,,,,,705,28,,0
"2020-03-20","SD",1,,0,,,,,0,,,663,112,,,,,,14,,3,0,,,,,,,,0,677,115,,,,,677,115,,0
"2020-03-19","SD",1,,0,,,,,0,,,551,0,,,,,,11,,0,0,,,,,,,,0,562,0,,,,,562,0,,0
"2020-03-18","SD",1,,1,,,,,0,,,551,0,,,,,,11,,0,0,,,,,,,,0,562,0,,,,,562,0,,0
"2020-03-17","SD",,,0,,,,,0,,,551,57,,,,,,11,,1,0,,,,,,,,0,562,58,,,,,562,58,,0
"2020-03-16","SD",,,0,,,,,0,,,494,167,,,,,,10,,1,0,,,,,,,,0,504,168,,,,,504,168,,0
"2020-03-15","SD",,,0,,,,,0,,,327,145,,,,,,9,,0,0,,,,,,,,0,336,145,,,,,336,145,,0
"2020-03-14","SD",,,0,,,,,0,,,182,109,,,,,,9,,0,0,,,,,,,,0,191,109,,,,,191,109,,0
"2020-03-13","SD",,,0,,,,,0,,,73,46,,,,,,9,,1,0,,,,,,,,0,82,47,,,,,82,47,,0
"2020-03-12","SD",,,0,,,,,0,,,27,14,,,,,,8,,3,0,,,,,,,,0,35,17,,,,,35,17,,0
"2020-03-11","SD",,,0,,,,,0,,,13,2,,,,,,5,,5,0,,,,,,,,0,18,7,,,,,18,7,,0
"2020-03-10","SD",,,0,,,,,0,,,11,6,,,,,,0,,0,0,,,,,,,,0,11,6,,,,,11,6,,0
"2020-03-09","SD",,,0,,,,,0,,,5,0,,,,,,0,,0,0,,,,,,,,0,5,0,,,,,5,0,,0
"2020-03-08","SD",,,0,,,,,0,,,5,0,,,,,,0,,0,0,,,,,,,,0,5,0,,,,,5,0,,0
"2020-03-07","SD",,,0,,,,,0,,,5,0,,,,,,0,,0,0,,,,,,,,0,5,0,,,,,5,5,,0